!!High Voltage!!	http://prmstrm.1.fm:8000/highvoltage	0
100 Hop Hop & RnB	http://192.99.41.102:5429/stream	0
10cc Hits	http://streaming.exclusive.radio/er-app/tencchits/icecast.audio	0
24-7 Niche Radio	http://www.24-7nicheradio.com:8270/;	18
70/80 Hits HQ	http://nr2.newradio.it:8003/autodj	0
808 Reggae Cast	http://66.225.205.5:80/rastamusic.mp3	0
Absolute 80's	http://edge-bauerall-01-gos2.sharp-stream.com/absolute80shigh.aac?	10
Ace Cafe Fm	https://listen.radioking.com/radio/69079/stream/106852	0
Alabamas Finest Radio	http://66.85.47.227:8000/stream:80/	16
Alpha Radio	http://playoutonestreaming.com:8113/stream	0
AnHui Radio	https://lhttp.qingting.fm/live/4919/64k.mp3	0
AsiaFM 92.3 TW	https://stream.rcs.revma.com/kydend74hv8uv	0
BBCWorld Service	http://stream.live.vc.bbcmedia.co.uk:80/bbc_world_service	50
BCC Music	https://stream.rcs.revma.com/ks4vsmg3qtzuv	0
BCC News	https://stream.rcs.revma.com/fgtx07f3qtzuv	0
BCC i go	https://stream.rcs.revma.com/1qxn2vg3qtzuv	0
BCC i like radio	https://stream.rcs.revma.com/s1zttsg3qtzuv	0
BFBS	http://edge-audio-04-thn.sharp-stream.com:80/ssvcbfbs1.mp3	10
Beijing News Radio	https://lhttp.qtfm.cn/live/339/64k.mp3	0
Beijing Traffic Radio	http://audiolive.rbc.cn:1935/live/fm1039/96K/tzwj_video.m3u8	0
Big FM Reggae/Dancehall/Afrobeats	http://streams.bigfm.de/bigfm-reggaevibes-128-mp3	0
Big Top 40	http://media-ice.musicradio.com/BigTop40V1MP3	0
Blur	http://streaming.exclusive.radio/er-app/blurhits/icecast.audio	0
Bravo FM91.3 TW	https://onair.bravo913.com.tw:9130/live.mp3	0
BritCom Radio 1	http://65.21.202.84:8175/stream	0
BritCom Radio 2	http://65.21.202.84:8022/stream	0
BritCom Radio 3	http://65.21.202.84:8200/stream	0
CGTN AM846	http://sk.cri.cn/am846.m3u8	0
CMG Cross-Strait Radio	https://ngcdn005.cnr.cn/live/zhzs/index.m3u8	0
CMG Radio The Greater Bay	https://ngcdn007.cnr.cn/live/hxzs/index.m3u8	0
CNR Easy Radio	https://ngcdn006.cnr.cn/live/szzs/index.m3u8	0
CNR-1 zgzs	http://ngcdn001.cnr.cn/live/zgzs/index.m3u8	0
CNR-15 CMG China Traffic Radio	https://ngcdn016.cnr.cn/live/gsgljtgb/index.m3u8	0
CNR-2 jjzs	http://ngcdn002.cnr.cn/live/jjzs/index.m3u8	0
COMEDY 104	http://thassos.cdnstream.com:5003/1073_64	0
CRI Easy FM91.5	http://sk.cri.cn/915.m3u8	0
CRI News Radio	http://sk.cri.cn/905.m3u8	0
Cambridge 105	http://stream.cambridge105.co.uk:443/105-192s-mp3	0
ChangSha News	https://lhttp.qtfm.cn/live/4877/64k.mp3	0
Chillout Lounge	http://prmstrm.1.fm:8000/chilloutlounge	0
ChilloutMann!!	http://prmstrm.1.fm:8000/costadelmarchillout	0
CityFM FM92.9	http://fm929.cityfm.tw:8080/929.mp3	0
CityFM FM98.3	http://fm983.cityfm.tw:8080/983.mp3	0
CityFM FM97.1	http://fm971.cityfm.tw:8080/971.mp3	0
Crime Fm	http://cast2.asurahosting.com/proxy/crimeinc/stream	0
DAFT PUNK	http://streaming.exclusive.radio/er/daftpunk/icecast.audio	0
DB9 Radio	http://178.32.146.186:5195/stream	20
DISCWORLD VINTAGE COMEDY	http://odinlistening.ddns.net:8000/discworld	10
DUB STEP FM	http://50.117.1.60:80/256mp3	0
DefJay	http://icepool.silvacast.com/DEFJAY.mp3	0
Dire Straits	http://streaming.exclusive.radio/er/direstraits/icecast.audio	8
Disco Classic Radio	http://54.36.89.71:8742/stream	0
Dreadlock Radio	http://ic1.dread.fast-serv.com:80/dreadlockradio128	8
Dub Dynasty	http://equinox.shoutca.st:9878/stream	0
E.L.O.	http://streaming.exclusive.radio/er-app/elohits/icecast.audio	0
Energy 1058	http://116.202.246.47:8590/stream	0
Eruption Radio	http://streaming04.liveboxstream.uk:8116/stream:8116/	0
FM100.7 TW	http://211.20.119.101:8081	0
Family FM97.7 TW	http://59.120.88.155:8000/live.mp3	0
Fleetwood Mac	http://streaming.exclusive.radio/er-app/fleetwoodmachits/icecast.audio	0
Fly Radio TW	https://stream.rcs.revma.com/e0tdah74hv8uv	0
Foo Fighters	http://streaming.exclusive.radio/er-app/foofighters/icecast.audio	0
Fresh Leeds	http://freshleeds2020-freshleeds.radioca.st:8033/stream	0
Fun Radio	http://funradio.cn:8000/funradio	0
Funka Groove	http://94.23.57.5:9063/stream	0
GB News	http://listen-gbnews.sharp-stream.com/gbnews.mp3?ref=RF	0
GREAT BRITISH RADIO	http://s6.citrus3.com:8216/stream	5
GREATEST HITS RADIO	http://www.radiofeeds.net/playlists/bauer.pls?station=net2national-mp3	20
Gem Radio New Wave	http://gemradionw.radioca.st/stream/1/	0
Genesis	http://streaming.exclusive.radio/er-app/genesishits/icecast.audio	0
Gorilla Fm	http://prmstrm.1.fm:8000/gorillafm	0
Gotta Love Me Radio	http://65.108.120.179:7156/stream	0
Heart London	http://ice-the.musicradio.com/HeartLondonMP3	0
Hot 108 Jamz	http://216.235.89.134:80/hot108	6
HuNan News	https://lhttp.qtfm.cn/live/4978/64k.mp3	0
ICRT	https://live.leanstream.co/ICRTFM-MP3	0
Irie Jams Reggae Hits	http://188.165.236.118:9882/stream	0
Jah Music mansion	http://192.99.41.102:5304/stream	0
JamendoLounge Chill	http://listen.radionomy.com:80/phonair-lilacstation-dnb	0
JiangSu News	https://lhttp.qtfm.cn/live/4944/64k.mp3	0
Joint Reggae Radio	http://radio.jointil.net:9998/stream	0
K31 Studio D&B	http://65.108.124.70:7200/stream	0
KBS WORLD Chinese	http://101.79.244.199:1935/cocotv/_definst_/CH00002/playlist.m3u8	0
Kick FM Radio	http://cast3.my-control-panel.com:7240/live	0
Kingston 12	http://198.57.187.102:8080/kingston12	0
Kisstory	http://edge-bauerall-01-gos2.sharp-stream.com:80/kisstory.mp3?aw_0_1st.skey=1684333982	0
LBC	http://icecast.thisisdax.com:80/LBCUKMP3Low	0
London Unique Radio	http://80.189.227.113:50570/	0
Lovers Rock Radio	http://199.115.115.71:8325/stream:80//199.115.115.71:8325/stream:8325//199.:80	0
MJ	http://streaming.exclusive.radio/er-app/michaeljacksonhits/icecast.audio	0
Majestic Jukebox	http://uk3.internet-radio.com:8405/live	0
MiSoul	http://listen-misoul.sharp-stream.com:80/462_mi_soul_320_mp3?ref=RF	0
Mother Earth Radio	http://server9.streamserver24.com:18900/motherearth.aac	64
Mowtown Magic	http://airspectrum.cdnstream1.com:8024/1302_192	0
New Zealand Radio Chinese FM90.6	https://s26.myradiostream.com:20274/listen.mp3	0
News 98 TW	https://n10.rcs.revma.com/pntx1639ntzuv	0
ONYX 360 Radio	http://87.98.219.178:8028/stream	10
PVR - House	http://94.130.242.5:8040/stream2	0
PVr - Drum&Bass	http://94.130.242.5:8004/stream	20
PVr - DubStep	http://94.130.242.5:8040/stream	4
PVr - Rap	http://94.130.242.5:8016/stream	0
PVr - Reggae	http://94.130.242.5:8000/stream	0
Phil Collins	http://streaming.exclusive.radio/er-app/philcollinshits/icecast.audio	0
Planet Rock	http://edge-bauerall-01-gos2.sharp-stream.com:80/planetrock.mp3?aw_0_1st.skey=1685376318	26
Police Hits	http://streaming.exclusive.radio/er-app/policehits/icecast.audio	0
Portobello Radio	http://uk1.internet-radio.com:8129/live	0
Pure Rock US	http://148.251.92.113:8524/stream	0
RADIO ROOM FAMILY CLASSICS	http://192.111.140.11:8236/stream	0
RTI (Radio Tatras International)	http://s32.myradiostream.com:10486/stream/1/	20
RTI Fm [Laser558]	http://91.121.65.37:18084/stream	0
Radio Africa Online	http://136.0.17.26:8000/stream/1/	0
Radio Caroline	http://78.129.202.200:8040/;	0
Radio Free Asia (RFA)	https://stream.rcs.revma.com/xpgtqc74hv8uv	0
Radio Happy Global	http://procyon.shoutca.st:8103/stream	0
Radio Party PL	http://s2.radioparty.pl:8000/stream64aac	0
Radio X	http://media-ice.musicradio.com/RadioXLondonMP3	0
Radiobtr	http://69.46.24.226:7056/stream	10
Reggae 141	http://hestia2.cdnstream.com:80/1301_128	0
Reggae Ambassadors Radio	http://stream-155.zeno.fm/mvtbzpenhzzuv?zs=6jjjraJTSPuvWH_-qig99g	0
Reggae Island	http://songcastradio.com:9022/stream/1/	0
Reggae Roots	http://208.84.155.87:8096	0
Reggae TradeRadio	http://185.33.21.112:80/reggae_64a	0
Reggae Vibes	http://streams.bigfm.de/bigfm-reggaevibes-64-aac	0
Reggae,Rasta & Roots	http://gr02.cdnstream.com:8470/	0
Reggaeneracija	http://player.reggaeneracija.me:8000/autodj	0
Reggaeton Heat	http://185.33.21.112:80/reggaeton_mobile_mp3	0
Robboranxradio	http://37.59.47.192:8572/stream	0
Rock Antenne Heavy Metal	http://mp3channels.webradio.rockantenne.de/heavy-metal	0
Rockway Radio	http://192.99.170.8:5096/stream	0
Roots Lagacy Radio	http://5.189.161.3:8080/;	0
Roots Radio	http://equinox.shoutca.st:9878/stream	0
SIMPLY RED	http://streaming.exclusive.radio/er-app/simplyredhits/icecast.audio	0
SNOOP FM	http://ice55.securenetsystems.net/DASH78	0
SPIN South West	http://stream.audioxi.com:8000/SW?ref=RF	26
SciFi Old Time Radio	http://s1.voscast.com:8652/stream	0
ShanXi News	https://lhttp.qtfm.cn/live/1600/64k.mp3	0
ShanXi Radio	https://lhttp.qingting.fm/live/20491/64k.mp3	0
SingTao FM TW	http://nap.casthost.net:8759/;?icy=http	0
Ska Radio	http://51.255.235.165:5528/stream/1/	0
SmoothGroove	http://192.95.18.39:5224/stream	0
SomaFM:dub step beyond	https://ice2.somafm.com/dubstep-32-aac	0
Sunny FM89.1 TW	http://211.20.119.102:8081	0
THE LOFT	http://192.95.18.39:5123/stream	0
THUNDER & RAIN	http://198.27.120.235:8850/stream/1/	10
Talk Radio	http://radio.talkradio.co.uk/stream?ref=rf	0
Talk Sport	http://radio.talksport.com/stream?aisGetOriginalStream=true	0
The English Connection Media	http://69.30.218.190:19108/;	0
Tonic Ska Radio	http://178.32.146.184:2540/tonicskaradio	10
U2	http://streaming.exclusive.radio/er-app/u2hits/icecast.audio	0
UFO Radio TW	https://stream.rcs.revma.com/em90w4aeewzuv	0
UK Flava House	http://116.202.241.212:9000/stream	0
USA KAZN	http://mobilewzrc.serverroom.us:6914/;stream.mp3	0
Underground 80's	http://ice1.somafm.com/u80s-128-mp3	14
Urban Radio	http://nr3.newradio.it:8100/stream	0
Vibes FM	http://s02.whooshserver.net:9091/live	0
Vibez Urban Station	http://109.169.54.86:8019/stream	0
Virgin Radio	http://radio.virginradio.co.uk/stream	0
WQRB RnB	http://65.109.81.84:7100/stream	0
Wave 105	http://edge-bauerall-01-gos2.sharp-stream.com/wave105.mp3?aw_0_1st.skey=1688841017	0
Wave Radio	http://107.150.57.186:10352/stream/1/	0
X-Ray FM	http://159.69.76.173:3200/;	0
XL:UK	http://s3.radio.co:80/s113a5dc46/listen	0
YunNan News AM576	https://lhttp.qtfm.cn/live/1926/64k.mp3	0
capital london	http://media-ice.musicradio.com/CapitalMP3	10
deep house lounge	http://198.15.94.34:8006/stream	0
punk rockers radio	http://stream.punkrockers-radio.de:8000/mp3	0
